{
  "IcoMoonType": "selection",
  "icons": [
    {
      "icon": {
        "paths": [
          "M896 0c70.692 0 128 57.308 128 128v768c0 70.692-57.308 128-128 128s-128-57.308-128-128v-768c0-70.692 57.308-128 128-128zM512 256c70.692 0 128 57.308 128 128v512c0 70.692-57.308 128-128 128s-128-57.308-128-128v-512c0-70.692 57.308-128 128-128zM128 640v0c70.692 0 128 57.308 128 128v128c0 70.692-57.308 128-128 128s-128-57.308-128-128v-128c0-70.692 57.308-128 128-128v0z"
        ],
        "attrs": [
          {}
        ],
        "isMulticolor": false,
        "isMulticolor2": false,
        "grid": 0,
        "tags": [
          "gsm-bars-black"
        ]
      },
      "attrs": [
        {}
      ],
      "properties": {
        "order": 901,
        "id": 0,
        "name": "gsm-bars-black",
        "prevSize": 32,
        "code": 59686
      },
      "setIdx": 0,
      "setId": 1,
      "iconIdx": 0
    },
    {
      "icon": {
        "paths": [
          "M512 85.333c-235.52 0-426.667 191.147-426.667 426.667s191.147 426.667 426.667 426.667 426.667-191.147 426.667-426.667-191.147-426.667-426.667-426.667zM554.667 725.333h-85.333v-256h85.333v256zM554.667 384h-85.333v-85.333h85.333v85.333z"
        ],
        "attrs": [
          {}
        ],
        "isMulticolor": false,
        "isMulticolor2": false,
        "grid": 0,
        "tags": [
          "ic_info_black_24px"
        ]
      },
      "attrs": [
        {}
      ],
      "properties": {
        "order": 898,
        "id": 0,
        "name": "info",
        "prevSize": 32,
        "code": 59682
      },
      "setIdx": 0,
      "setId": 1,
      "iconIdx": 1
    },
    {
      "icon": {
        "paths": [
          "M756.704 395.862l267.296-202.213v635.075l-267.296-202.213v191.923c0 12.085-11.296 21.863-25.216 21.863h-706.272c-13.92 0-25.216-9.777-25.216-21.863v-612.25c0-12.085 11.296-21.863 25.216-21.863h706.272c13.92 0 25.216 9.777 25.216 21.863v189.679zM371.338 647.772c47.817 0 86.529-40.232 86.529-89.811v-184.835c0-49.651-38.713-89.883-86.529-89.883-47.788 0-86.515 40.232-86.515 89.883v184.835c0 49.579 38.756 89.811 86.515 89.811v0zM356.754 709.93v32.78h33.718v-33.412c73.858-9.606 131.235-73.73 131.235-151.351v-88.232h-30.636v88.232c0 67.57-53.696 122.534-119.734 122.534-66.024 0-119.691-54.964-119.691-122.534v-88.232h-30.636v88.232c0 79.215 59.674 144.502 135.744 151.969v0.014z"
        ],
        "attrs": [
          {}
        ],
        "isMulticolor": false,
        "isMulticolor2": false,
        "tags": [
          "Combined Shape"
        ],
        "grid": 0
      },
      "attrs": [
        {}
      ],
      "properties": {
        "order": 856,
        "id": 0,
        "name": "mic-camera-combined",
        "prevSize": 32,
        "code": 59651
      },
      "setIdx": 0,
      "setId": 1,
      "iconIdx": 2
    },
    {
      "icon": {
        "paths": [
          "M42.667 896h170.667v-512h-170.667v512zM981.333 426.667c0-46.933-38.4-85.333-85.333-85.333h-269.227l40.533-194.987 1.28-13.653c0-17.493-7.253-33.707-18.773-45.227l-45.227-44.8-280.747 281.173c-15.787 15.36-25.173 36.693-25.173 60.16v426.667c0 46.933 38.4 85.333 85.333 85.333h384c35.413 0 65.707-21.333 78.507-52.053l128.853-300.8c3.84-9.813 5.973-20.053 5.973-31.147v-81.493l-0.427-0.427 0.427-3.413z"
        ],
        "attrs": [
          {}
        ],
        "isMulticolor": false,
        "isMulticolor2": false,
        "tags": [
          "ic_thumb_up_black_24px"
        ],
        "grid": 0
      },
      "attrs": [
        {}
      ],
      "properties": {
        "order": 857,
        "id": 1,
        "name": "feedback",
        "prevSize": 32,
        "code": 59677
      },
      "setIdx": 0,
      "setId": 1,
      "iconIdx": 3
    },
    {
      "icon": {
        "paths": [
          "M896 128h-768c-46.933 0-85.333 38.4-85.333 85.333v597.333c0 46.933 38.4 85.333 85.333 85.333h768c46.933 0 85.333-38.4 85.333-85.333v-597.333c0-46.933-38.4-85.333-85.333-85.333zM896 810.667h-768v-128h768v128z"
        ],
        "attrs": [
          {}
        ],
        "isMulticolor": false,
        "isMulticolor2": false,
        "tags": [
          "ic_call_to_action_black_24px"
        ],
        "grid": 0
      },
      "attrs": [
        {}
      ],
      "properties": {
        "order": 858,
        "id": 2,
        "name": "toggle-filmstrip",
        "prevSize": 32,
        "code": 59676
      },
      "setIdx": 0,
      "setId": 1,
      "iconIdx": 4
    },
    {
      "icon": {
        "paths": [
          "M512 820c106 0 200-56 256-138-2-84-172-132-256-132-86 0-254 48-256 132 56 82 150 138 256 138zM512 214c-70 0-128 58-128 128s58 128 128 128 128-58 128-128-58-128-128-128zM512 86c236 0 426 190 426 426s-190 426-426 426-426-190-426-426 190-426 426-426z"
        ],
        "attrs": [],
        "isMulticolor": false,
        "isMulticolor2": false,
        "tags": [
          "account_circle"
        ],
        "grid": 0
      },
      "attrs": [],
      "properties": {
        "id": 3,
        "order": 859,
        "ligatures": "account_circle",
        "prevSize": 32,
        "code": 59649,
        "name": "avatar"
      },
      "setIdx": 0,
      "setId": 1,
      "iconIdx": 5
    },
    {
      "icon": {
        "paths": [
          "M512 384c-68 0-134 10-196 30v132c0 16-10 34-24 40-42 20-80 46-114 78-8 8-18 12-30 12s-22-4-30-12l-106-106c-8-8-12-18-12-30s4-22 12-30c130-124 306-200 500-200s370 76 500 200c8 8 12 18 12 30s-4 22-12 30l-106 106c-8 8-18 12-30 12s-22-4-30-12c-34-32-72-58-114-78-14-6-24-20-24-38v-132c-62-20-128-32-196-32z"
        ],
        "attrs": [],
        "isMulticolor": false,
        "isMulticolor2": false,
        "tags": [
          "call_end"
        ],
        "grid": 0
      },
      "attrs": [],
      "properties": {
        "id": 4,
        "order": 860,
        "ligatures": "call_end",
        "prevSize": 32,
        "code": 59653,
        "name": "hangup"
      },
      "setIdx": 0,
      "setId": 1,
      "iconIdx": 6
    },
    {
      "icon": {
        "paths": [
          "M854 682v-512h-684v598l86-86h598zM854 86c46 0 84 38 84 84v512c0 46-38 86-84 86h-598l-170 170v-768c0-46 38-84 84-84h684z"
        ],
        "attrs": [],
        "isMulticolor": false,
        "isMulticolor2": false,
        "tags": [
          "chat_bubble_outline"
        ],
        "grid": 0
      },
      "attrs": [],
      "properties": {
        "id": 5,
        "order": 861,
        "ligatures": "chat_bubble_outline",
        "prevSize": 32,
        "code": 59654,
        "name": "chat"
      },
      "setIdx": 0,
      "setId": 1,
      "iconIdx": 7
    },
    {
      "icon": {
        "paths": [
          "M726 554h-128v-170h-172v170h-128l214 214zM826 428c110 8 198 100 198 212 0 118-96 214-214 214h-554c-142 0-256-114-256-256 0-132 100-240 228-254 54-102 160-174 284-174 156 0 284 110 314 258z"
        ],
        "attrs": [],
        "isMulticolor": false,
        "isMulticolor2": false,
        "tags": [
          "cloud_download"
        ],
        "grid": 0
      },
      "attrs": [],
      "properties": {
        "id": 6,
        "order": 862,
        "ligatures": "cloud_download",
        "prevSize": 32,
        "code": 59650,
        "name": "download"
      },
      "setIdx": 0,
      "setId": 1,
      "iconIdx": 8
    },
    {
      "icon": {
        "paths": [
          "M884 300l-78 78-160-160 78-78c16-16 44-16 60 0l100 100c16 16 16 44 0 60zM128 736l472-472 160 160-472 472h-160v-160z"
        ],
        "attrs": [],
        "isMulticolor": false,
        "isMulticolor2": false,
        "tags": [
          "mode_edit"
        ],
        "grid": 0
      },
      "attrs": [],
      "properties": {
        "id": 7,
        "order": 863,
        "ligatures": "create, edit, mode_edit",
        "prevSize": 32,
        "code": 59655,
        "name": "edit"
      },
      "setIdx": 0,
      "setId": 1,
      "iconIdx": 9
    },
    {
      "icon": {
        "paths": [
          "M554 384h236l-236-234v234zM682 598v-86h-340v86h340zM682 768v-86h-340v86h340zM598 86l256 256v512c0 46-40 84-86 84h-512c-46 0-86-38-86-84l2-684c0-46 38-84 84-84h342z"
        ],
        "attrs": [],
        "isMulticolor": false,
        "isMulticolor2": false,
        "tags": [
          "description"
        ],
        "grid": 0
      },
      "attrs": [],
      "properties": {
        "id": 8,
        "order": 864,
        "ligatures": "description",
        "prevSize": 32,
        "code": 59656,
        "name": "share-doc"
      },
      "setIdx": 0,
      "setId": 1,
      "iconIdx": 10
    },
    {
      "icon": {
        "paths": [
          "M512 214l284 426h-568zM214 726h596v84h-596v-84z"
        ],
        "attrs": [],
        "isMulticolor": false,
        "isMulticolor2": false,
        "tags": [
          "eject"
        ],
        "grid": 0
      },
      "attrs": [],
      "properties": {
        "id": 9,
        "order": 865,
        "ligatures": "eject",
        "prevSize": 32,
        "code": 59652,
        "name": "kick"
      },
      "setIdx": 0,
      "setId": 1,
      "iconIdx": 11
    },
    {
      "icon": {
        "paths": [
          "M512 342l256 256-60 60-196-196-196 196-60-60z"
        ],
        "attrs": [],
        "isMulticolor": false,
        "isMulticolor2": false,
        "tags": [
          "expand_less"
        ],
        "grid": 0
      },
      "attrs": [],
      "properties": {
        "id": 10,
        "order": 900,
        "ligatures": "expand_less",
        "prevSize": 32,
        "code": 59679,
        "name": "menu-up"
      },
      "setIdx": 0,
      "setId": 1,
      "iconIdx": 12
    },
    {
      "icon": {
        "paths": [
          "M708 366l60 60-256 256-256-256 60-60 196 196z"
        ],
        "attrs": [],
        "isMulticolor": false,
        "isMulticolor2": false,
        "tags": [
          "expand_more"
        ],
        "grid": 0
      },
      "attrs": [],
      "properties": {
        "id": 11,
        "order": 867,
        "ligatures": "expand_more",
        "prevSize": 32,
        "code": 59680,
        "name": "menu-down"
      },
      "setIdx": 0,
      "setId": 1,
      "iconIdx": 13
    },
    {
      "icon": {
        "paths": [
          "M598 214h212v212h-84v-128h-128v-84zM726 726v-128h84v212h-212v-84h128zM214 426v-212h212v84h-128v128h-84zM298 598v128h128v84h-212v-212h84z"
        ],
        "attrs": [],
        "isMulticolor": false,
        "isMulticolor2": false,
        "tags": [
          "fullscreen"
        ],
        "grid": 0
      },
      "attrs": [],
      "properties": {
        "id": 12,
        "order": 868,
        "ligatures": "fullscreen",
        "prevSize": 32,
        "code": 59659,
        "name": "full-screen"
      },
      "setIdx": 0,
      "setId": 1,
      "iconIdx": 14
    },
    {
      "icon": {
        "paths": [
          "M682 342h128v84h-212v-212h84v128zM598 810v-212h212v84h-128v128h-84zM342 342v-128h84v212h-212v-84h128zM214 682v-84h212v212h-84v-128h-128z"
        ],
        "attrs": [],
        "isMulticolor": false,
        "isMulticolor2": false,
        "tags": [
          "fullscreen_exit"
        ],
        "grid": 0
      },
      "attrs": [],
      "properties": {
        "id": 13,
        "order": 869,
        "ligatures": "fullscreen_exit",
        "prevSize": 32,
        "code": 59660,
        "name": "exit-full-screen"
      },
      "setIdx": 0,
      "setId": 1,
      "iconIdx": 15
    },
    {
      "icon": {
        "paths": [
          "M512 736l-264 160 70-300-232-202 306-26 120-282 120 282 306 26-232 202 70 300z"
        ],
        "attrs": [],
        "isMulticolor": false,
        "isMulticolor2": false,
        "tags": [
          "star"
        ],
        "grid": 0
      },
      "attrs": [],
      "properties": {
        "id": 14,
        "order": 870,
        "ligatures": "grade, star",
        "prevSize": 32,
        "code": 59658,
        "name": "star-full"
      },
      "setIdx": 0,
      "setId": 1,
      "iconIdx": 16
    },
    {
      "icon": {
        "paths": [
          "M768 854v-428h-512v428h512zM768 342c46 0 86 38 86 84v428c0 46-40 84-86 84h-512c-46 0-86-38-86-84v-428c0-46 40-84 86-84h388v-86c0-72-60-132-132-132s-132 60-132 132h-82c0-118 96-214 214-214s214 96 214 214v86h42zM512 726c-46 0-86-40-86-86s40-86 86-86 86 40 86 86-40 86-86 86z"
        ],
        "attrs": [],
        "isMulticolor": false,
        "isMulticolor2": false,
        "tags": [
          "lock_open"
        ],
        "grid": 0
      },
      "attrs": [],
      "properties": {
        "id": 15,
        "order": 871,
        "ligatures": "lock_open",
        "prevSize": 32,
        "code": 59661,
        "name": "security"
      },
      "setIdx": 0,
      "setId": 1,
      "iconIdx": 17
    },
    {
      "icon": {
        "paths": [
          "M768 854v-428h-512v428h512zM380 256v86h264v-86c0-72-60-132-132-132s-132 60-132 132zM768 342c46 0 86 38 86 84v428c0 46-40 84-86 84h-512c-46 0-86-38-86-84v-428c0-46 40-84 86-84h42v-86c0-118 96-214 214-214s214 96 214 214v86h42zM512 726c-46 0-86-40-86-86s40-86 86-86 86 40 86 86-40 86-86 86z"
        ],
        "attrs": [],
        "isMulticolor": false,
        "isMulticolor2": false,
        "tags": [
          "lock_outline"
        ],
        "grid": 0
      },
      "attrs": [],
      "properties": {
        "id": 16,
        "order": 872,
        "ligatures": "lock_outline",
        "prevSize": 32,
        "code": 59662,
        "name": "security-locked"
      },
      "setIdx": 0,
      "setId": 1,
      "iconIdx": 18
    },
    {
      "icon": {
        "paths": [
          "M512 768v-128l170 170-170 172v-128c-188 0-342-154-342-342 0-66 20-130 54-182l62 62c-20 36-30 76-30 120 0 142 114 256 256 256zM512 170c188 0 342 154 342 342 0 66-20 130-54 182l-62-62c20-36 30-76 30-120 0-142-114-256-256-256v128l-170-170 170-172v128z"
        ],
        "attrs": [],
        "isMulticolor": false,
        "isMulticolor2": false,
        "tags": [
          "sync"
        ],
        "grid": 0
      },
      "attrs": [],
      "properties": {
        "id": 17,
        "order": 873,
        "ligatures": "loop, sync",
        "prevSize": 32,
        "code": 59663,
        "name": "reload"
      },
      "setIdx": 0,
      "setId": 1,
      "iconIdx": 19
    },
    {
      "icon": {
        "paths": [
          "M738 470h72c0 146-116 266-256 286v140h-84v-140c-140-20-256-140-256-286h72c0 128 108 216 226 216s226-88 226-216zM512 598c-70 0-128-58-128-128v-256c0-70 58-128 128-128s128 58 128 128v256c0 70-58 128-128 128z"
        ],
        "attrs": [],
        "isMulticolor": false,
        "isMulticolor2": false,
        "tags": [
          "mic"
        ],
        "grid": 0
      },
      "attrs": [],
      "properties": {
        "id": 18,
        "order": 874,
        "ligatures": "mic",
        "prevSize": 32,
        "code": 59664,
        "name": "microphone"
      },
      "setIdx": 0,
      "setId": 1,
      "iconIdx": 20
    },
    {
      "icon": {
        "paths": [
          "M738 470h72c0 146-116 266-256 286v140h-84v-140c-140-20-256-140-256-286h72c0 128 108 216 226 216s226-88 226-216zM460 210v264c0 28 24 50 52 50s50-22 50-50l2-264c0-28-24-52-52-52s-52 24-52 52zM512 598c-70 0-128-58-128-128v-256c0-70 58-128 128-128s128 58 128 128v256c0 70-58 128-128 128z"
        ],
        "attrs": [],
        "isMulticolor": false,
        "isMulticolor2": false,
        "tags": [
          "mic_none"
        ],
        "grid": 0
      },
      "attrs": [],
      "properties": {
        "id": 19,
        "order": 875,
        "ligatures": "mic_none",
        "prevSize": 32,
        "code": 59665,
        "name": "mic-empty"
      },
      "setIdx": 0,
      "setId": 1,
      "iconIdx": 21
    },
    {
      "icon": {
        "paths": [
          "M182 128l714 714-54 54-178-178c-32 20-72 32-110 38v140h-84v-140c-140-20-256-140-256-286h72c0 128 108 216 226 216 34 0 68-8 98-22l-70-70c-8 2-18 4-28 4-70 0-128-58-128-128v-32l-256-256zM640 476l-256-254v-8c0-70 58-128 128-128s128 58 128 128v262zM810 470c0 50-14 98-38 140l-52-54c12-26 18-54 18-86h72z"
        ],
        "attrs": [],
        "isMulticolor": false,
        "isMulticolor2": false,
        "tags": [
          "mic_off"
        ],
        "grid": 0
      },
      "attrs": [],
      "properties": {
        "id": 20,
        "order": 876,
        "ligatures": "mic_off",
        "prevSize": 32,
        "code": 59666,
        "name": "mic-disabled"
      },
      "setIdx": 0,
      "setId": 1,
      "iconIdx": 22
    },
    {
      "icon": {
        "paths": [
          "M982 234v620c0 94-78 170-172 170h-310c-46 0-90-18-122-50l-336-342s54-52 56-52c10-8 22-12 34-12 10 0 18 2 26 6 2 0 184 104 184 104v-508c0-36 28-64 64-64s64 28 64 64v300h42v-406c0-36 28-64 64-64s64 28 64 64v406h42v-364c0-36 28-64 64-64s64 28 64 64v364h44v-236c0-36 28-64 64-64s64 28 64 64z"
        ],
        "attrs": [],
        "isMulticolor": false,
        "isMulticolor2": false,
        "tags": [
          "pan_tool"
        ],
        "grid": 0
      },
      "attrs": [],
      "properties": {
        "id": 21,
        "order": 899,
        "ligatures": "pan_tool",
        "prevSize": 32,
        "code": 59678,
        "name": "raised-hand"
      },
      "setIdx": 0,
      "setId": 1,
      "iconIdx": 23
    },
    {
      "icon": {
        "paths": [
          "M704 278c-46 0-86 38-86 84s40 86 86 86 86-40 86-86-40-84-86-84zM704 512c-82 0-150-68-150-150s68-148 150-148 150 66 150 148-68 150-150 150zM320 278c-46 0-86 38-86 84s40 86 86 86 86-40 86-86-40-84-86-84zM320 512c-82 0-150-68-150-150s68-148 150-148 150 66 150 148-68 150-150 150zM918 746v-52c0-24-110-76-214-76-46 0-90 12-128 24 14 16 22 32 22 52v52h320zM534 746v-52c0-24-110-76-214-76s-214 52-214 76v52h428zM704 554c92 0 278 48 278 140v116h-940v-116c0-92 186-140 278-140 52 0 130 16 192 44 62-28 140-44 192-44z"
        ],
        "attrs": [],
        "isMulticolor": false,
        "isMulticolor2": false,
        "tags": [
          "people_outline"
        ],
        "grid": 0
      },
      "attrs": [],
      "properties": {
        "id": 22,
        "order": 878,
        "ligatures": "people_outline",
        "prevSize": 32,
        "code": 59675,
        "name": "contactList"
      },
      "setIdx": 0,
      "setId": 1,
      "iconIdx": 24
    },
    {
      "icon": {
        "paths": [
          "M640 598c114 0 342 56 342 170v86h-684v-86c0-114 228-170 342-170zM256 426h128v86h-128v128h-86v-128h-128v-86h128v-128h86v128zM640 512c-94 0-170-76-170-170s76-172 170-172 170 78 170 172-76 170-170 170z"
        ],
        "attrs": [],
        "isMulticolor": false,
        "isMulticolor2": false,
        "tags": [
          "person_add"
        ],
        "grid": 0
      },
      "attrs": [],
      "properties": {
        "id": 23,
        "order": 879,
        "ligatures": "person_add",
        "prevSize": 32,
        "code": 59667,
        "name": "link"
      },
      "setIdx": 0,
      "setId": 1,
      "iconIdx": 25
    },
    {
      "icon": {
        "paths": [
          "M512 854c188 0 342-154 342-342s-154-342-342-342-342 154-342 342 154 342 342 342zM512 86c236 0 426 190 426 426s-190 426-426 426-426-190-426-426 190-426 426-426zM426 704v-384l256 192z"
        ],
        "attrs": [],
        "isMulticolor": false,
        "isMulticolor2": false,
        "tags": [
          "play_circle_outline"
        ],
        "grid": 0
      },
      "attrs": [],
      "properties": {
        "id": 24,
        "order": 880,
        "ligatures": "play_circle_outline",
        "prevSize": 32,
        "code": 59668,
        "name": "shared-video"
      },
      "setIdx": 0,
      "setId": 1,
      "iconIdx": 26
    },
    {
      "icon": {
        "paths": [
          "M512 662c82 0 150-68 150-150s-68-150-150-150-150 68-150 150 68 150 150 150zM830 554l90 70c8 6 10 18 4 28l-86 148c-6 10-16 12-26 8l-106-42c-22 16-46 32-72 42l-16 112c-2 10-10 18-20 18h-172c-10 0-18-8-20-18l-16-112c-26-10-50-24-72-42l-106 42c-10 4-20 2-26-8l-86-148c-6-10-4-22 4-28l90-70c-2-14-2-28-2-42s0-28 2-42l-90-70c-8-6-10-18-4-28l86-148c6-10 16-12 26-8l106 42c22-16 46-32 72-42l16-112c2-10 10-18 20-18h172c10 0 18 8 20 18l16 112c26 10 50 24 72 42l106-42c10-4 20-2 26 8l86 148c6 10 4 22-4 28l-90 70c2 14 2 28 2 42s0 28-2 42z"
        ],
        "attrs": [],
        "isMulticolor": false,
        "isMulticolor2": false,
        "tags": [
          "settings"
        ],
        "grid": 0
      },
      "attrs": [],
      "properties": {
        "id": 25,
        "order": 881,
        "ligatures": "settings",
        "prevSize": 32,
        "code": 59669,
        "name": "settings"
      },
      "setIdx": 0,
      "setId": 1,
      "iconIdx": 27
    },
    {
      "icon": {
        "paths": [
          "M512 658l160 96-42-182 142-124-188-16-72-172-72 172-188 16 142 124-42 182zM938 394l-232 202 70 300-264-160-264 160 70-300-232-202 306-26 120-282 120 282z"
        ],
        "attrs": [],
        "isMulticolor": false,
        "isMulticolor2": false,
        "tags": [
          "star_border"
        ],
        "grid": 0
      },
      "attrs": [],
      "properties": {
        "id": 26,
        "order": 882,
        "ligatures": "star_border",
        "prevSize": 32,
        "code": 59670,
        "name": "star"
      },
      "setIdx": 0,
      "setId": 1,
      "iconIdx": 28
    },
    {
      "icon": {
        "paths": [
          "M640 662l150-150-150-150v108h-256v-108l-150 150 150 150v-108h256v108zM854 170c46 0 84 40 84 86v512c0 46-38 86-84 86h-684c-46 0-84-40-84-86v-512c0-46 38-86 84-86h136l78-84h256l78 84h136z"
        ],
        "attrs": [],
        "isMulticolor": false,
        "isMulticolor2": false,
        "tags": [
          "switch_camera"
        ],
        "grid": 0
      },
      "attrs": [],
      "properties": {
        "id": 27,
        "order": 883,
        "ligatures": "switch_camera",
        "prevSize": 32,
        "code": 59681,
        "name": "switch-camera"
      },
      "setIdx": 0,
      "setId": 1,
      "iconIdx": 29
    },
    {
      "icon": {
        "paths": [
          "M896 726v-512h-768v512h768zM896 128c46 0 86 40 86 86l-2 512c0 46-38 84-84 84h-214v86h-340v-86h-214c-46 0-86-38-86-84v-512c0-46 40-86 86-86h768z"
        ],
        "attrs": [],
        "isMulticolor": false,
        "isMulticolor2": false,
        "tags": [
          "tv"
        ],
        "grid": 0
      },
      "attrs": [],
      "properties": {
        "id": 28,
        "order": 884,
        "ligatures": "tv",
        "prevSize": 32,
        "code": 59671,
        "name": "share-desktop"
      },
      "setIdx": 0,
      "setId": 1,
      "iconIdx": 30
    },
    {
      "icon": {
        "paths": [
          "M726 448l170-170v468l-170-170v150c0 24-20 42-44 42h-512c-24 0-42-18-42-42v-428c0-24 18-42 42-42h512c24 0 44 18 44 42v150z"
        ],
        "attrs": [],
        "isMulticolor": false,
        "isMulticolor2": false,
        "tags": [
          "videocam"
        ],
        "grid": 0
      },
      "attrs": [],
      "properties": {
        "id": 29,
        "order": 885,
        "ligatures": "videocam",
        "prevSize": 32,
        "code": 59672,
        "name": "camera"
      },
      "setIdx": 0,
      "setId": 1,
      "iconIdx": 31
    },
    {
      "icon": {
        "paths": [
          "M140 86l756 756-54 54-136-136c-6 4-16 8-24 8h-512c-24 0-42-18-42-42v-428c0-24 18-42 42-42h32l-116-116zM896 278v456l-478-478h264c24 0 44 18 44 42v150z"
        ],
        "attrs": [],
        "isMulticolor": false,
        "isMulticolor2": false,
        "tags": [
          "videocam_off"
        ],
        "grid": 0
      },
      "attrs": [],
      "properties": {
        "id": 30,
        "order": 886,
        "ligatures": "videocam_off",
        "prevSize": 32,
        "code": 59673,
        "name": "camera-disabled"
      },
      "setIdx": 0,
      "setId": 1,
      "iconIdx": 32
    },
    {
      "icon": {
        "paths": [
          "M598 138c172 38 298 192 298 374s-126 336-298 374v-88c124-36 212-150 212-286s-88-250-212-286v-88zM704 512c0 76-42 140-106 172v-344c64 32 106 96 106 172zM128 384h170l214-214v684l-214-214h-170v-256z"
        ],
        "attrs": [],
        "isMulticolor": false,
        "isMulticolor2": false,
        "tags": [
          "volume_up"
        ],
        "grid": 0
      },
      "attrs": [],
      "properties": {
        "id": 31,
        "order": 887,
        "ligatures": "volume_up",
        "prevSize": 32,
        "code": 59674,
        "name": "volume"
      },
      "setIdx": 0,
      "setId": 1,
      "iconIdx": 33
    },
    {
      "icon": {
        "paths": [
          "M1123.444 20.985c-23.593-26.481-64.131-28.989-90.74-5.395l-1008.269 893.436c-26.609 23.468-28.991 64.131-5.46 90.676 12.674 14.306 30.308 21.649 48.126 21.649 15.123 0 30.372-5.401 42.544-16.195l130.045-115.22c90.743 81.844 210.569 132.165 342.473 132.101 282.816-0.061 510.913-227.969 511.287-510.972 0.126-109.934-34.682-211.367-93.499-294.72l118.088-104.625c26.483-23.526 28.997-64.129 5.404-90.735zM944.422 510.182c0.128 200.922-161.896 363.201-362.509 362.952-87.56-0.123-167.573-31.151-230.061-82.569l331.277-293.509v73.176c1.071 60.993 32.696 92.18 94.944 93.692 61.997-1.512 93.686-32.763 95.131-93.756v-41.096h-72.227v47.499c0.251 4.642-0.564 10.607-2.511 17.949-1.25 3.261-3.448 6.020-6.525 8.093-3.197 2.572-7.845 3.828-13.868 3.828-10.543-0.31-17.132-4.268-19.827-11.921-1.068-3.512-1.947-6.905-2.508-10.163-0.254-2.887-0.377-5.532-0.377-7.786v-143.511l42.477-37.634c0.215 0.432 0.452 0.851 0.63 1.303 1.947 6.467 2.762 12.799 2.511 19.076v36.772h72.227v-30.121c-0.246-31.245-9.086-54.699-26.363-70.447l40.711-36.069c35.787 56.055 56.803 122.585 56.867 194.244z",
          "M239.795 628.53c-12.613-37.023-19.827-76.557-19.827-117.913-0.19-200.236 161.584-362.009 361.945-362.135 56.853 0 110.313 13.302 158.133 36.398l117.846-104.421c-79.444-50.952-173.758-80.817-275.292-80.948-283.377-0.181-511.354 227.729-511.789 511.675-0.126 79.567 18.636 154.679 51.137 221.882l117.848-104.538z",
          "M388.576 333.98h-97.514v249.057l72.23-64.070v-0.689h0.815l117.72-104.418c0-0.564 0.123-0.94 0.123-1.509 0.753-53.898-30.369-80.069-93.374-78.37zM405.959 398.483c1.942 2.767 3.074 6.469 3.323 11.112 0.312 4.452 0.438 9.6 0.438 15.246 0.251 10.916-0.689 19.83-2.949 26.985-2.952 7.594-10.983 11.357-24.159 11.357h-19.325v-74.043h15.31c7.842 0 13.865 0.683 18.072 2.19 4.397 1.573 7.468 3.953 9.29 7.153z"
        ],
        "width": 1140,
        "attrs": [],
        "isMulticolor": false,
        "isMulticolor2": false,
        "tags": [
          "recDisable"
        ],
        "grid": 0
      },
      "attrs": [],
      "properties": {
        "order": 890,
        "id": 34,
        "prevSize": 32,
        "code": 58899,
        "name": "recDisable",
        "ligatures": ""
      },
      "setIdx": 0,
      "setId": 1,
      "iconIdx": 36
    },
    {
      "icon": {
        "paths": [
          "M581.278-1.708c284.857 0.19 514.807 230.517 514.427 514.997-0.378 285.047-230.073 514.553-514.869 514.615-284.541 0.062-515.311-230.517-514.933-514.422 0.439-285.936 230.009-515.439 515.375-515.19zM580.579 148.244c-201.764 0.123-364.666 163.032-364.478 364.663 0 202.018 162.524 364.735 364.478 364.984 202.018 0.316 365.174-163.030 365.048-365.423-0.252-201.767-163.156-364.35-365.048-364.224z",
          "M287.698 335.093h98.196c63.442-1.767 94.785 24.518 94.027 78.863 0.254 19.081-2.211 34.882-7.456 47.521-6.005 12.508-18.706 21.988-38.167 28.181v0.819c28.373 6.259 43.031 23.573 43.981 51.946v57.689c0 11.247 0.254 22.813 0.758 34.756 0.819 12.005 3.033 20.979 6.696 27.043h-71.846c-3.727-6.064-6.128-15.038-7.14-27.043-1.012-11.943-1.454-23.509-1.138-34.756v-52.321c0-9.603-2.214-16.553-6.573-20.979-4.675-4.107-12.701-6.19-24.012-6.19h-14.599v141.291h-72.73v-326.82zM360.428 465.139h19.463c13.271 0 21.359-3.794 24.331-11.375 2.276-7.204 3.221-16.304 2.969-27.171 0-5.815-0.126-10.867-0.442-15.418-0.252-4.675-1.392-8.404-3.352-11.247-1.831-3.157-4.926-5.561-9.352-7.14-4.233-1.454-10.299-2.211-18.2-2.211h-15.418v74.564z",
          "M498.372 335.093h162.082v62.687h-89.35v65.587h78.103v62.685h-78.103v73.11h92.822v62.749h-165.557v-326.818z",
          "M682.507 424.001c0.316-31.782 9.416-55.542 27.425-71.407 17.44-15.29 40.185-22.936 68.181-22.936 28.247 0 51.119 7.646 68.623 23 17.82 15.798 26.92 39.623 27.171 71.407v30.333h-72.73v-37.031c0.254-6.192-0.57-12.639-2.527-19.209-1.264-3.157-3.475-5.938-6.573-8.214-3.221-1.515-7.898-2.404-13.964-2.404-10.615 0.316-17.249 3.855-19.967 10.618-2.211 6.573-3.223 13.017-2.907 19.209v161.956c0 2.273 0.126 4.865 0.38 7.772 0.568 3.411 1.454 6.824 2.527 10.233 2.717 7.775 9.352 11.756 19.967 12.007 6.067 0 10.744-1.261 13.964-3.791 3.098-2.15 5.309-4.867 6.573-8.216 1.96-7.33 2.782-13.33 2.527-18.007v-47.837h72.73v41.328c-1.451 61.547-33.364 93.015-95.794 94.469-62.685-1.454-94.53-32.922-95.607-94.343v-148.937z"
        ],
        "width": 1142,
        "attrs": [],
        "isMulticolor": false,
        "isMulticolor2": false,
        "tags": [
          "recEnable"
        ],
        "grid": 0
      },
      "attrs": [],
      "properties": {
        "order": 891,
        "id": 35,
        "prevSize": 32,
        "code": 58900,
        "name": "recEnable",
        "ligatures": ""
      },
      "setIdx": 0,
      "setId": 1,
      "iconIdx": 37
    },
    {
      "icon": {
        "paths": [
          "M952.495 4.935h-818.689c-72.81 0-132.183 60.63-132.183 135.162v750.719c0 74.473 59.372 135.101 132.183 135.101h818.686c72.936 0 132.314-60.625 132.314-135.101v-750.722c0.003-74.532-59.378-135.159-132.311-135.159zM946.346 884.349h-806.14v-737.822h806.015l0.126 737.822z",
          "M685.753 285.456h216.911v566.758h-216.911v-566.758z",
          "M428.672 413.998h216.911v438.216h-216.911v-438.216z",
          "M172.339 542.54h216.161v309.677h-216.161v-309.677z"
        ],
        "width": 1088,
        "attrs": [],
        "isMulticolor": false,
        "isMulticolor2": false,
        "tags": [
          "presentation"
        ],
        "grid": 0
      },
      "attrs": [],
      "properties": {
        "order": 892,
        "id": 36,
        "prevSize": 32,
        "code": 58883,
        "name": "presentation",
        "ligatures": ""
      },
      "setIdx": 0,
      "setId": 1,
      "iconIdx": 38
    },
    {
      "icon": {
        "paths": [
          "M512 42c46 0 86 40 86 86s-40 86-86 86-86-40-86-86 40-86 86-86zM512 298c46 0 86 40 86 86s-40 86-86 86-86-40-86-86 40-86 86-86zM768 298c46 0 86 40 86 86s-40 86-86 86-86-40-86-86 40-86 86-86zM768 554c46 0 86 40 86 86s-40 86-86 86-86-40-86-86 40-86 86-86zM512 554c46 0 86 40 86 86s-40 86-86 86-86-40-86-86 40-86 86-86zM768 214c-46 0-86-40-86-86s40-86 86-86 86 40 86 86-40 86-86 86zM256 554c46 0 86 40 86 86s-40 86-86 86-86-40-86-86 40-86 86-86zM256 298c46 0 86 40 86 86s-40 86-86 86-86-40-86-86 40-86 86-86zM256 42c46 0 86 40 86 86s-40 86-86 86-86-40-86-86 40-86 86-86zM512 810c46 0 86 40 86 86s-40 86-86 86-86-40-86-86 40-86 86-86z"
        ],
        "attrs": [],
        "isMulticolor": false,
        "isMulticolor2": false,
        "tags": [
          "dialpad"
        ],
        "grid": 0
      },
      "attrs": [],
      "properties": {
        "order": 893,
        "ligatures": "dialpad",
        "id": 37,
        "prevSize": 32,
        "code": 59685,
        "name": "dialpad"
      },
      "setIdx": 0,
      "setId": 1,
      "iconIdx": 39
    },
    {
      "icon": {
        "paths": [
          "M512 384c70 0 128 58 128 128s-58 128-128 128-128-58-128-128 58-128 128-128zM512 726c118 0 214-96 214-214s-96-214-214-214-214 96-214 214 96 214 214 214zM512 192c214 0 396 132 470 320-74 188-256 320-470 320s-396-132-470-320c74-188 256-320 470-320z"
        ],
        "attrs": [],
        "isMulticolor": false,
        "isMulticolor2": false,
        "tags": [
          "visibility"
        ],
        "grid": 0
      },
      "attrs": [],
      "properties": {
        "order": 894,
        "ligatures": "remove_red_eye, visibility",
        "id": 38,
        "prevSize": 32,
        "code": 59683,
        "name": "visibility"
      },
      "setIdx": 0,
      "setId": 1,
      "iconIdx": 40
    },
    {
      "icon": {
        "paths": [
          "M506 384h6c70 0 128 58 128 128v8zM322 418c-14 28-24 60-24 94 0 118 96 214 214 214 34 0 66-10 94-24l-66-66c-8 2-18 4-28 4-70 0-128-58-128-128 0-10 2-20 4-28zM86 182l54-54 756 756-54 54c-47.968-47.365-96.266-94.401-144-142-58 24-120 36-186 36-214 0-396-132-470-320 34-84 90-156 160-212-39.017-38.983-77.307-78.693-116-118zM512 298c-28 0-54 6-78 16l-92-92c52-20 110-30 170-30 214 0 394 132 468 320-32 80-82 148-146 202l-124-124c10-24 16-50 16-78 0-118-96-214-214-214z"
        ],
        "attrs": [],
        "isMulticolor": false,
        "isMulticolor2": false,
        "tags": [
          "visibility_off"
        ],
        "grid": 0
      },
      "attrs": [],
      "properties": {
        "order": 895,
        "ligatures": "visibility_off",
        "id": 39,
        "prevSize": 32,
        "code": 59684,
        "name": "visibility-off"
      },
      "setIdx": 0,
      "setId": 1,
      "iconIdx": 41
    },
    {
      "icon": {
        "paths": [
          "M512 682c46 0 86 40 86 86s-40 86-86 86-86-40-86-86 40-86 86-86zM512 426c46 0 86 40 86 86s-40 86-86 86-86-40-86-86 40-86 86-86zM512 342c-46 0-86-40-86-86s40-86 86-86 86 40 86 86-40 86-86 86z"
        ],
        "attrs": [],
        "isMulticolor": false,
        "isMulticolor2": false,
        "tags": [
          "more_vert"
        ],
        "defaultCode": 58836,
        "grid": 24
      },
      "attrs": [],
      "properties": {
        "ligatures": "more_vert",
        "id": 0,
        "order": 897,
        "prevSize": 24,
        "code": 58836,
        "name": "thumb-menu"
      },
      "setIdx": 0,
      "setId": 1,
      "iconIdx": 42
    },
    {
      "icon": {
        "paths": [
          "M330.667 554.667c-0.427-14.933 6.4-29.44 17.92-39.253 32 6.827 61.867 20.053 88.747 39.253 0 29.013-23.893 52.907-53.333 52.907s-52.907-23.467-53.333-52.907zM586.667 554.667c26.88-18.773 56.747-32 88.747-38.827 11.52 9.813 18.347 24.32 17.92 38.827 0 29.867-23.893 53.76-53.333 53.76s-53.333-23.893-53.333-53.76v0zM512 384c-118.187-1.707-234.667 27.733-338.347 85.333l-2.987 42.667c0 52.48 12.373 104.107 35.84 151.040 101.12-15.36 203.093-23.040 305.493-23.040s204.373 7.68 305.493 23.040c23.467-46.933 35.84-98.56 35.84-151.040l-2.987-42.667c-103.68-57.6-220.16-87.040-338.347-85.333zM512 85.333c235.641 0 426.667 191.025 426.667 426.667s-191.025 426.667-426.667 426.667c-235.641 0-426.667-191.025-426.667-426.667s191.025-426.667 426.667-426.667z"
        ],
        "attrs": [
          {}
        ],
        "isMulticolor": false,
        "isMulticolor2": false,
        "tags": [
          "ninja"
        ],
        "grid": 24
      },
      "attrs": [
        {}
      ],
      "properties": {
        "order": 850,
        "id": 1,
        "name": "ninja",
        "prevSize": 24,
        "code": 59657
      },
      "setIdx": 0,
      "setId": 1,
      "iconIdx": 43
    },
    {
      "icon": {
        "paths": [
          "M282 460c62 120 162 220 282 282l94-94c12-12 30-16 44-10 48 16 100 24 152 24 24 0 42 18 42 42v150c0 24-18 42-42 42-400 0-726-326-726-726 0-24 18-42 42-42h150c24 0 42 18 42 42 0 54 8 104 24 152 4 14 2 32-10 44z"
        ],
        "attrs": [],
        "isMulticolor": false,
        "isMulticolor2": false,
        "tags": [
          "phone"
        ],
        "defaultCode": 57549,
        "grid": 24
      },
      "attrs": [],
      "properties": {
        "ligatures": "call, local_phone, phone",
        "id": 2,
        "order": 851,
        "prevSize": 24,
        "code": 57549,
        "name": "phone"
      },
      "setIdx": 0,
      "setId": 1,
      "iconIdx": 44
    },
    {
      "icon": {
        "paths": [
          "M810 554h-256v256h-84v-256h-256v-84h256v-256h84v256h256v84z"
        ],
        "attrs": [],
        "isMulticolor": false,
        "isMulticolor2": false,
        "tags": [
          "add"
        ],
        "defaultCode": 57669,
        "grid": 24
      },
      "attrs": [],
      "properties": {
        "ligatures": "add",
        "id": 3,
        "order": 896,
        "prevSize": 24,
        "code": 57669,
        "name": "add"
      },
      "setIdx": 0,
      "setId": 1,
      "iconIdx": 45
    }
  ],
  "height": 1024,
  "metadata": {
    "name": "jitsi"
  },
  "preferences": {
    "showGlyphs": true,
    "showQuickUse": true,
    "showQuickUse2": true,
    "showSVGs": true,
    "fontPref": {
      "prefix": "icon-",
      "metadata": {
        "fontFamily": "jitsi",
        "majorVersion": 1,
        "minorVersion": 0
      },
      "metrics": {
        "emSize": 1024,
        "baseline": 0
      },
      "embed": false
    },
    "imagePref": {
      "prefix": "icon-",
      "png": true,
      "useClassSelector": true,
      "classSelector": ".icon"
    },
    "historySize": 100,
    "showCodes": false,
    "search": "",
    "showLiga": false,
    "gridSize": 16
  }
}